,1,2,3,4,5,6,7,8,9,10,11,12,13,14,15,16,17,18,19,20,21,22,23,24,25,26,27,28,29,30,31,32,33,34,35,36,37,38,39,40,41,42,43,44,45,46,47,48,49,50
1,-0.18696494717639578,0.0003077107976596823,0.0004853911201706269,0.00044699706295142037,0.001486596309188947,0.0011833331718953382,0.002940996969282779,0.05349330665237042,0.015113433238158365,0.021688254870291402,0.047848896205125745,0.014765145794377627,0.03380895137259763,0.014657320737812169,0.003699060699357374,0.0006030540169742365,0.001126598572057059,0.0003815524675851055,0.003192537721411526,0.0018957421715962647,0.0013741295887042587,0.00048334554430766756,0.005293250709043092,0.0011903612616853722,0.012653638687945341,0.0033207147747069264,0.00791575942713883,0.0007027005252705547,0.002281614201031507,0.000323282982917465,0.0006068296758996483,0.0022663555613225486,0.00225418186382751,0.004402174306957413,0.0005932278938648177,0.0052791016212643685,0.002101019800963829,0.0007178301988591565,0.0007669734126753609,0.0004715364049328835,0.0070909096867086486,0.032760159107956134,0.03332898029852396,0.0218902296356931,0.0017501169183743595,0.0019400151425893288,0.0007588434102419214,0.012070480668536113,0.01154428496896884,0.00317859037345697
2,0.0017309589872288545,-0.15760640181017327,0.0004714497931332066,0.0004322955027288431,0.0014039833646102857,0.001151103905568114,0.0028613856332407126,0.057550609123218216,0.01567524964283817,0.0220957150714627,0.048139787340848283,0.01483842349386654,0.03475420669629093,0.01467233029861712,0.004000428790498883,0.0005938635891902291,0.0010886654867509663,0.00036553208877613825,0.0030522258549048687,0.0017736163821653913,0.001285606653826715,0.000451694342902464,0.0049761933809078914,0.0011870377590610175,0.011984504123908541,0.0031977491324890034,0.007925571773780575,0.0007893467337115978,0.002310173444876999,0.0003111668080171401,0.0005809220490370716,0.0021504999577407835,0.0021007307896021756,0.004183347776664529,0.0006523655410023059,0.005580157688983609,0.0020389607594942507,0.0006988789916444902,0.0007206851516472621,0.00044233993539747354,0.0066550055171522545,0.03393242591948501,0.03476702331243446,0.022263908862838785,0.0018482777409587186,0.0018658650464260193,0.0007307435360841141,0.01143820985588228,0.011074411012185603,0.003165101220646634
3,0.0016799895668048613,0.0002900722376835256,-0.22497637460534572,0.00048138483934659636,0.0017239197096686277,0.0012515582127152216,0.003108912464019328,0.041440311881207795,0.013115227920379991,0.01988910662162955,0.04561106730221065,0.014122860070150508,0.030158767290059472,0.014190493342170195,0.0028194486376538993,0.0006141080860250158,0.0012163121084091965,0.00042315129444287896,0.003563292246204232,0.0022645367451177667,0.0016414505056635252,0.0005794533700413091,0.006227520976607483,0.0011661009124328855,0.014543358164430966,0.003624118833723609,0.007658561156583313,0.00047563715984880254,0.0021325555508557924,0.0003533315855452505,0.0006745361225858042,0.0025897120349548126,0.0027262683572923515,0.0050069380440949576,0.00042919185623089325,0.004320025287823626,0.002238515586244546,0.0007572021447998959,0.0009037179660330995,0.0005585357914175358,0.008386669830319667,0.02854685729304835,0.028413469721721884,0.02017899728968797,0.0014361200286182414,0.002125429364873228,0.0008281767274479383,0.013850231144450062,0.01274958372773728,0.003127829126033599
4,0.0016652339165222547,0.0002862907087907279,0.0005181413223362716,-0.20617114514109539,0.0017543653395942264,0.001256330478493133,0.003120522590750328,0.039738628230745414,0.0127881044627301,0.0195506344892494,0.04509002960609676,0.013968541044252733,0.02952560287429883,0.014060394886358041,0.0026972138772028116,0.0006130142609836512,0.0012246713934224258,0.0004277620843088225,0.0036055460846574103,0.002314848376407666,0.0016779189148424035,0.0005926494027244925,0.006351275829475428,0.0011574096365718708,0.014780412679579795,0.0036548807603520492,0.007587608061047837,0.000447095708291046,0.0021021227239569756,0.0003564072842469772,0.0006821190918763674,0.002629632831412516,0.002792073741960974,0.005080587610340593,0.00040743727472615455,0.004176153979682558,0.0022494897338799858,0.0007597910456899931,0.0009218879210414841,0.0005702175186450044,0.008560148306359745,0.02785175228663858,0.027632725537505946,0.019850720642327145,0.0013888547421679303,0.0021446947314464736,0.0008352063842815021,0.014072507771371567,0.012880509054170814,0.0031065658452175873
5,0.0015429223994496818,0.00025904126593000014,0.0005169556795880203,0.0004887654447110205,-0.31165831164078567,0.0012485683155147235,0.003099887744794024,0.030691153294526333,0.010823517948424366,0.017300234004567403,0.04116742058207861,0.012788739006441155,0.02555086347676598,0.012999740358770134,0.002055933784479331,0.0005905674887931594,0.0012379892534405983,0.0004422046328331746,0.0037472969184083674,0.002549185323211409,0.001847778158970786,0.0006546831975921991,0.006902955293903548,0.0010803750406702336,0.01574669088181815,0.0037279773383815953,0.00701145711545378,0.0003093929027914465,0.0018889689796772527,0.0003639739851459647,0.0007065071381851559,0.002787748240709085,0.0031080387628442626,0.0053649148914769774,0.00029769946643925366,0.0033713147692754778,0.00224917354276218,0.0007534443033132001,0.001003274679540819,0.000623375682060613,0.009346121832732465,0.023651823862098947,0.023055475647457205,0.017639663159138695,0.0011236867850375142,0.002194611750942763,0.0008519102749533079,0.014971493481018545,0.013268971899377802,0.002910402550555629
6,0.0016847405676605873,0.00029133756091609804,0.0005148281569035522,0.00048013051878634434,0.0017127235547569899,-0.23422211462076328,0.003103838963978439,0.042049624450976854,0.013229407744106381,0.020004595090302363,0.04578344091110126,0.014173702694379143,0.030377643045806393,0.014232588109554046,0.0028633371727708095,0.0006143064692829686,0.001212983125335187,0.0004213969281706502,0.0035473235791197363,0.002246279691936157,0.0016282168722321006,0.0005746713440322776,0.006182328474537978,0.0011688415429781179,0.014455746878396484,0.0036121457884783787,0.007681545598763492,0.0004860638630337555,0.0021428109317132983,0.0003521374505962538,0.0006716582088558155,0.002574904716735822,0.0027024972838080256,0.004979534834593074,0.0004370663298471934,0.004371000844886344,0.0022339404944690063,0.0007560507753497609,0.0008970871739964526,0.0005542823512061519,0.00832346483068602,0.028789161619053635,0.02868738776803838,0.02029066751467756,0.001452856772705708,0.0021179786947117044,0.0008254406699719766,0.013767999974133228,0.012699517894593395,0.0031344451975077363
7,0.0016852566833580138,0.00029147669164765846,0.0005147130951384586,0.00047998562827021335,0.0017114586650887403,0.0012492365072582828,-0.33164796908275485,0.04211798602135291,0.013242122883123283,0.0200173694185359,0.04580232803130374,0.01417926638080174,0.030401947680194465,0.014237168206525068,0.0028682651713044416,0.0006143226389710966,0.0012125992172044373,0.0004211969258636723,0.003545506326764419,0.002244224586311698,0.0016267272279709803,0.000574133257919565,0.006177232558328971,0.0011691372423328818,0.014445835592453602,0.003610772877139542,0.00768404734234554,0.00048724052082970044,0.0021439410262574475,0.0003520006091473802,0.0006713303367867914,0.002573227970127712,0.0026998248490313777,0.004976429165549637,0.000437952592599098,0.004376702505640805,0.002233407086380272,0.0007559145899591917,0.0008963396222527211,0.0005538031166496882,0.00831634230572505,0.028816134411797995,0.028717937612377186,0.020303008216670942,0.0014547284662056457,0.0021171257322899913,0.0008251269348899216,0.013758694842904826,0.012693802855276376,0.003135155857469724
8,0.001591861988365382,0.00030444710648763914,0.0003562986901342596,0.0003174302134882667,0.0008799705600086703,0.000878905323660375,0.002187268422304784,-0.3184634725111257,0.018350344625138265,0.02297794861066636,0.04604861601018386,0.01408908693466386,0.038355133526447184,0.01357085125094542,0.006158030219266679,0.0004922547489754263,0.0007950837563638257,0.0002519602618860447,0.0020752737993344687,0.0010446114090336598,0.0007571870623327054,0.0002640552879469064,0.003025536165045814,0.0010702532322393722,0.007654709078494509,0.0022815963395218923,0.007341135820730804,0.0015548991254248261,0.0023057796130186462,0.00022132654410496599,0.0003984607329588557,0.0013906283617089006,0.0012058970256616818,0.002732057380040072,0.0011193283107118963,0.007399471932425114,0.0015322957162581254,0.0005366953705873712,0.0004367837317210988,0.00026515266666662105,0.004001697441072721,0.03937325461150298,0.04227001833651819,0.022894863964657692,0.002436640725300797,0.001320314311667488,0.0005213860462409278,0.007331408591016997,0.007702269700212888,0.0028260407094191564
9,0.001697943169538599,0.0003130620627712631,0.0004257171077653133,0.00038565202433729227,0.0011715947751894879,0.0010439373256146242,0.0025962478557130858,0.06927846796391093,-0.40073805653174344,0.022831783409383605,0.04801391055947443,0.014753326144326343,0.03682939801678605,0.014427377817657962,0.004886095321999872,0.0005575473439007163,0.0009689908856773066,0.0003175184956544729,0.0026360448073669447,0.0014415943872160524,0.0010449403574303356,0.00036597554651770776,0.0040994918582504414,0.00115470047721612,0.010080933395516113,0.002818410155281341,0.007797994098736475,0.0010712439137817056,0.0023459608584537927,0.0002738939735620792,0.0005035699062112847,0.0018183794975780642,0.0016889648233242255,0.003552070255981752,0.0008346659134401868,0.0063944213469237935,0.0018368109405230892,0.0006353520433896112,0.000592915095249406,0.00036222535511614394,0.005456891831073069,0.036733115812128535,0.03839234232317412,0.02289654835910958,0.0021127185480592984,0.001638793555989102,0.0006440577161231538,0.00963564807125491,0.009656159055956187,0.0030662362193032244
10,0.0017251320993970816,0.00031243650205047495,0.00045708636481896887,0.00041743419861190004,0.0013258631234242817,0.001117638924509452,0.0027786463182105396,0.06141904135820955,0.01616506910300869,-0.44834304656760243,0.04824450746188941,0.014855181470237795,0.035541220545530036,0.0146347450927423,0.0042901820145302225,0.0005832842569782816,0.001050442053520803,0.0003498461711020422,0.0029156297211463903,0.001660251766214509,0.001203434259592834,0.00042237504852236197,0.0046791647583579125,0.0011797507353320344,0.011347860275322856,0.0030753956591731287,0.00790687057625844,0.0008770181612225627,0.002329126190030859,0.00029912984879889437,0.000555608549119036,0.0020398076883821822,0.0019592933186991187,0.003973549395709065,0.0007106099640697595,0.005857729974357118,0.0019752798387587976,0.0006791090078395972,0.0006773619181789515,0.00041510154825280597,0.006247966590374036,0.03494873548005149,0.03604709540916564,0.022541438880919203,0.0019386006309811206,0.0017923869115924306,0.0007027835535968625,0.010835934288616853,0.010612531344134465,0.003141362945057662
11,0.0017316726428202708,0.00030970912248186186,0.00047692418852681687,0.0004380299584105571,0.0014354778475510362,0.0011637945181937116,0.0028927436160396417,0.05600212235276876,0.01546681649815515,0.021950478972732026,-0.5180089078199985,0.014817582863716774,0.03440846295148141,0.014673596355824124,0.0038851033050442485,0.0005976220823564243,0.0011034451496621286,0.0003717123225230083,0.0031062480714490305,0.0018198846491481097,0.0013191442285199484,0.0004636772263291379,0.005096684840154517,0.001188863874322233,0.012240128397159386,0.0032454500272741634,0.007925607363164285,0.0007556478067232247,0.0023003758887050543,0.00031586437041389407,0.000590909319679299,0.0021948221751028497,0.002158728761934373,0.004267161314675164,0.0006295610663582412,0.005466479422773148,0.002063295083000304,0.0007063536457863828,0.0007382705036473318,0.00045341993149065175,0.006820480689283453,0.033498277568028624,0.03423002757721818,0.022131736680946288,0.0018112359447444205,0.0018945885166714654,0.0007416440536311399,0.011679847259291592,0.011255921161245993,0.0031717252134696922
12,0.001731692956881406,0.00030936905509410163,0.00047856512811775607,0.00043975787056477694,0.001445139732205009,0.0011675902917953624,0.002902120435398386,0.05552774432578101,0.01540150197483939,0.02190349230653803,0.0480193905018016,-0.5617563022896619,0.0342988887584454,0.014672298112481559,0.0038498491172254995,0.0005987135886534002,0.0011079024505029043,0.00037359075298299207,0.003122693028484003,0.001834148440938972,0.0013294833445878452,0.0004673733942795427,0.005133740633527213,0.0011892891191268259,0.012318421187409946,0.0032598853348379296,0.007924706843668146,0.0007454807256414794,0.0022971074484670127,0.00031728655805825077,0.000593946583740992,0.0022083821239951887,0.0021766419631115684,0.0042927796433872385,0.0006226329103361707,0.005431354662211425,0.002070597374676832,0.0007085864173789746,0.0007436800305611717,0.0004568312074924304,0.006871414507560453,0.03336204313402983,0.03406262502437183,0.022088712037956683,0.0017997848041471226,0.0019032905486581707,0.0007449427825984734,0.011753833097433093,0.011311031148760201,0.003173399649090485
13,0.0017139248006948142,0.0003132011875639583,0.0004417320297938315,0.0004017799480107338,0.0012480000709734714,0.0010816534565333288,0.0026896141966740433,0.06533976876879351,0.01661860878441348,0.022651379306236584,0.04819827141724645,0.014825418477507948,-0.6332499201773559,0.014551440463651777,0.004586245251952574,0.0005710694132597328,0.001010280103897833,0.0003337435195940325,0.002776072026207756,0.001549076366055945,0.00112284871943719,0.000393674911383402,0.00438551102127874,0.0011688169274702911,0.010709938457925137,0.002948126631072545,0.007863459326464248,0.000971125233882008,0.002340921604358349,0.0002866251702196198,0.0005296677579967315,0.001928494277226715,0.0018214535643841752,0.003761949706747829,0.0007715234399872568,0.006129943461590295,0.0019074151034212611,0.0006577754638378937,0.0006345663504392471,0.0003882708217560823,0.005846700193585193,0.03588410615537669,0.03725853022581694,0.022751521539216123,0.0020270035779793192,0.0017162109602511886,0.000673700277900429,0.0102318413713948,0.010136837397277406,0.003107974551192292
14,0.0017309901324498046,0.00030803144558888204,0.0004841977170267225,0.00044572494556989505,0.0014791889211385122,0.0011805867028850726,0.0029342163701829827,0.05385687161435992,0.015165872045647264,0.021728383368497618,0.047883148242108,0.014774234647067768,0.033898924930620446,-0.6804007937912624,0.003725959188979049,0.0006023203586615803,0.0011233104199241048,0.0003801418874176247,0.0031801456358195733,0.001884688664537113,0.0013661174490069376,0.0004804778166411847,0.005264686765066383,0.0011902616093776646,0.012593830326433153,0.0033099814367202533,0.007917979268069744,0.0007102482523267151,0.002284562290448275,0.00032222449020224714,0.0006045459771731257,0.002256022528041211,0.002240243795480734,0.00438269236152991,0.0005984462022068284,0.005306503821513297,0.002095695151634521,0.0007162196430230356,0.0007628012708897512,0.00046890052674597384,0.007051573954647121,0.032869844389191896,0.03346197798840539,0.021927393626683663,0.0017590597827469654,0.0019335282832928032,0.0007563906483055082,0.012014001360363218,0.011503000048694405,0.0031779064393164785
15,0.001572524233759289,0.00030232105281592815,0.0003463022544395789,0.0003077873003148108,0.0008421006034163974,0.0008549729726457785,0.0021279122137044556,0.0879714472455762,0.01848876089753575,0.022928933728319535,0.0456367373188297,0.013954569633764851,0.038459452895408294,0.013412322328743842,-0.18616589176874548,0.00048212204577225516,0.0007705844656839575,0.00024302663802524443,0.001999416826545149,0.0009945312830262904,0.0007208864598647977,0.00025124136343399603,0.002888058846350413,0.00105552908994838,0.00733675561521585,0.002207015594621338,0.007256238873513422,0.001634297455925104,0.0022931410565480126,0.00021403639307816984,0.00038417556817663866,0.0013342310767113649,0.0011456591188869268,0.0026234085717037592,0.0011632445705153335,0.007530963419961717,0.0014886093291371515,0.0005223305561141311,0.00041682691175855133,0.00025280775619723707,0.003816371213665669,0.03964172933026931,0.04271988498794175,0.022825096792062582,0.002478772432013024,0.0012762776104437662,0.0005043429965849348,0.0070289238396091,0.007434704800852224,0.002784922994963898
16,0.0017140140765899148,0.0003000549712400644,0.000504299140330702,0.00046769009186995716,0.0016172481794797565,0.0012263579875160845,0.003047075453936341,0.04701561443441571,0.014105221243122862,0.020842061669184994,0.046934363644353286,0.014509222272273891,0.03201746969143816,0.014495917597551129,0.0032233634067953816,-0.18834987451039065,0.0011803129834523887,0.00040544929480928175,0.003403927688590662,0.0020946838244087383,0.0015183325376343674,0.0005350746642403886,0.005802263661355762,0.001184617828751829,0.013701324272390349,0.003498948728755579,0.007825841068790893,0.0005751658715723165,0.002214815832761685,0.00034089497452069136,0.0006456164948024955,0.0024465088834930856,0.0025069435273916358,0.004740498627825305,0.0005029071306596978,0.004776254624809612,0.0021858667591020094,0.0007428859651454804,0.0008413980644501538,0.0005187210881231496,0.007794364870876482,0.030641898797140736,0.030814603317323042,0.021094186332705503,0.0015857253690183335,0.002048295292617268,0.0007995730936647074,0.013058544235063476,0.012240348290092646,0.003170787526080718
17,0.0016622283244765502,0.0002855432478856455,0.0005185035742993649,0.0004850320950636333,0.001759897291874781,0.0012570433261613909,0.0031222471968976005,0.039421068789144705,0.012725684615342165,0.019484794694877208,0.0449861016067287,0.013937659615771019,0.02940378373814746,0.014033993422847158,0.002674458373256625,0.0006127177994304454,-0.22332075636916193,0.0004285717264418192,0.0036130176986732617,0.0023241072244930064,0.0016846301951536243,0.0005950810070355541,0.00637391406810681,0.001155611673551382,0.014823276465012082,0.003660154003821443,0.007573222039176415,0.00044186331713841185,0.0020961418186190173,0.0003569359491523793,0.0006834541542340507,0.002636825737115098,0.0028042359061830066,0.005093816915506164,0.0004034162995749893,0.00414905602838887,0.0022512254776106385,0.0007601660065504533,0.0009252138577818131,0.0005723604093416691,0.008591952108204074,0.027718967352750257,0.027484408316101737,0.019786702789515546,0.0013799477506377228,0.0021480200676400342,0.0008364114158270691,0.014112660410092818,0.012903379598185653,0.0031021245770187964
18,0.001625207759132502,0.00027678088059216924,0.0005207575038339812,0.0004890872366835211,0.001814792078801065,0.0012607239158737042,0.003130893767907239,0.03606456543489598,0.012038257549010677,0.01873415019553915,0.04374895731838466,0.01356805475999205,0.028041897646311056,0.013710722670781947,0.0024350204361573277,0.0006076213150062912,0.0012372476997451161,-0.23198282596617079,0.0036826372282835365,0.002418565558692918,0.0017530983623277082,0.0006199564727118646,0.006601902640221206,0.001132925552607819,0.015244032897117642,0.0037055342407920854,0.007397324486159714,0.0003883485864719809,0.002026717494166584,0.00036151871993403997,0.0006957629265670754,0.0027068691818802285,0.002929446945481303,0.005221737420495357,0.00036166465661816434,0.0038576883698717914,0.0022627712235798706,0.0007617873452053455,0.000958756020873681,0.0005940720107838242,0.008913771054466306,0.02625361124432172,0.025864238910330194,0.019053575805034792,0.0012840838839989297,0.002177169415983631,0.0008467816210740486,0.01450594204038881,0.013110150040174564,0.0030452663503781627
19,0.0016150693274022349,0.0002744907771937173,0.0005208249935053739,0.0004896160035007925,0.0018265106302048592,0.001260462539500155,0.0031301266881616123,0.03527967428274505,0.011869923000280167,0.018543416486046235,0.04342075754851299,0.013469493798499179,0.02770293604811003,0.013622666987992015,0.0023793185227303708,0.0006058669855067534,0.0012388072516416335,0.0004373805341393589,-0.29422662553572165,0.002439525917787694,0.0017682914882989184,0.0006254968901214384,0.006651603163610362,0.0011265790958078462,0.015332438284415119,0.0037130800381170825,0.007349474164337738,0.00037630320615914393,0.0020087506772309845,0.0003622925516385889,0.0006981010264539891,0.0027214106565382054,0.002957572000417597,0.005248010529616378,0.00035209960404169544,0.0037882136886233063,0.002263484172081221,0.0007614855078740928,0.0009660822979198735,0.0005988447649452359,0.008984389592978228,0.025893975116571134,0.02547103717748024,0.01886643468428055,0.0012612009165909128,0.002182205666171724,0.0008485059722946681,0.01458830619985913,0.01314807064772429,0.0030291620482791218
20,0.0014726039231601038,0.00024491891762214586,0.000508242871845817,0.00048267927694260553,0.0019079063679308373,0.00122558805120054,0.003042296351716839,0.027268137707101698,0.009967580373840945,0.016213728069149055,0.039062197491402696,0.012148090312370791,0.02373665117450437,0.01239670594221455,0.0018172690963346992,0.0005724887954721286,0.001223605331360226,0.000441072443351266,0.0037459069613054743,-0.2707291554204733,0.0018919203524733641,0.0006712011418779143,0.007029143265588629,0.0010341811459586457,0.015902143721549106,0.0036981501163742547,0.006684778579121836,0.00026332465467165716,0.001781119722447131,0.00036123922290892945,0.0007052530317474136,0.0028095315672206455,0.003196740132932929,0.005398064241601977,0.0002588215620232307,0.0030476494998254544,0.0022131902162093034,0.0007389229157142934,0.0010221719489921332,0.0006363201920477768,0.00953506366509328,0.021809995773752536,0.02111331667651411,0.016559256455331038,0.0010166915914645944,0.002179897687020517,0.0008450942150379882,0.01511052812064181,0.013216118790843874,0.0027900131766928934
21,0.0014726039231601027,0.0002449189176221456,0.0005082428718458167,0.000482679276942605,0.001907906367930836,0.001225588051200539,0.0030422963517168357,0.02726813770710168,0.009967580373840932,0.016213728069149034,0.03906219749140265,0.012148090312370779,0.023736651174504353,0.012396705942214538,0.0018172690963346974,0.0005724887954721282,0.0012236053313602249,0.00044107244335126557,0.0037459069613054695,0.002610083668212847,-0.2758988069622314,0.0006712011418779135,0.007029143265588625,0.0010341811459586446,0.015902143721549078,0.0036981501163742526,0.006684778579121833,0.00026332465467165695,0.00178111972244713,0.00036123922290892907,0.000705253031747413,0.002809531567220644,0.003196740132932927,0.005398064241601974,0.00025882156202323037,0.0030476494998254514,0.0022131902162093008,0.0007389229157142925,0.0010221719489921322,0.0006363201920477759,0.009535063665093275,0.021809995773752523,0.02111331667651409,0.016559256455331035,0.0010166915914645936,0.002179897687020515,0.0008450942150379872,0.015110528120641795,0.013216118790843858,0.002790013176692891
22,0.0014631770238883418,0.00024307470250282593,0.0005068073315162495,0.0004815777643592862,0.0019094984693987648,0.0012218916599314295,0.0030330556398706337,0.026861363523790996,0.00986123260730956,0.016074580954201254,0.0387847545290868,0.01206340722454729,0.023508062109727827,0.012316079794199445,0.0017890579405833071,0.0005698956885559271,0.0012209384215085075,0.00044060125673083233,0.003742908205953945,0.0026156832914348096,0.0018959792419522062,-0.2666950677797318,0.00703945860485405,0.001027926920740707,0.015909264529437507,0.003691733758838735,0.006641130324390575,0.0002580653447321608,0.0017671265633230336,0.0003606340693606096,0.0007045673759664014,0.002810086474711622,0.0032053903756202075,0.005398056073248227,0.0002542991304477282,0.0030084268971366877,0.002207172618584173,0.0007366150712182923,0.0010237406803363892,0.0006374452362865863,0.009551289160031902,0.021580698020846244,0.02087396549559951,0.016420420847659066,0.0010037118359482449,0.002176462233014048,0.0008436279612450778,0.015116219056912059,0.01319969843279244,0.0027736277836371073
23,0.001510325529614955,0.00025240694850967255,0.0005133913423177082,0.0004864503218291826,0.001897719962908429,0.0012390081998660957,0.00307588836836856,0.0290097829576768,0.010411615206589321,0.016784897313624026,0.040182967510854616,0.012489609837791559,0.024683585425182415,0.01271981032498678,0.001938421633844174,0.0005824885451758717,0.0012326302491090018,0.00044224465636044083,0.0037516239388830663,0.0025819261272854487,0.0018715103459264757,0.0006635111191060734,-0.36562735074970104,0.001059071087469539,0.01584295106915357,0.003718431409613067,0.006859760496231667,0.0002863581092831277,0.0018381412928513432,0.00036312855327281834,0.000706840870025273,0.002802020015750464,0.0031548533149678365,0.0053881405264256796,0.0002784196391530779,0.003213740045425342,0.002234610388015991,0.000747353757582454,0.0010137331174218025,0.0006304503788849711,0.009449732779584868,0.022766311517211153,0.0221172799390472,0.01712806566839101,0.0010716221709249768,0.002190380324451055,0.0008497288575079404,0.015058785405460247,0.013260984931813958,0.0028550336933037346
24,0.001729111442779948,0.0003065241464204983,0.0004894018169005117,0.0004512952012440853,0.0015120554170510274,0.0011925424417244346,0.002963727115737753,0.052242599650188445,0.014929784077547723,0.021544514340515724,0.047718024748160025,0.014729855769075552,0.033491193939442374,0.014640187036626673,0.003606687523471646,0.0006054304985330605,0.0011377180232944619,0.0003863589272128177,0.0032348247426804743,0.0019339005363323881,0.0014017886970081718,0.0004932502187019932,0.005391644047517562,-0.46462601453985064,0.012858894178084439,0.0033571347274523205,0.00790597599644769,0.0006770559955459141,0.0022708567116463494,0.0003268761114190335,0.0006146154119584737,0.002301781185732081,0.0023023779112492666,0.004468909255373495,0.0005753974493823656,0.005184182842490624,0.0021189350959514726,0.0007232231773072117,0.0007813482857732445,0.0004806250979687436,0.0072265129823809605,0.0323756168337426,0.03286505419079142,0.02175658040857194,0.001719127071180258,0.0019620500108764012,0.0007671660284181855,0.012264255963874452,0.011684818176656628,0.003180097056034391
25,0.001561563692628295,0.00026291798827577994,0.0005185542708531008,0.0004896212464732832,0.001872330628202796,0.0012530223397082532,0.0031111106680392514,0.031744390649540544,0.011073502305547,0.017605992203632674,0.0417384555381981,0.012961825537272771,0.02607181022643474,0.01316018851446267,0.0021298177266886697,0.0005949064104415234,0.0012398438723095287,0.00044166148685668424,0.0037402477183337626,0.0025263485355573223,0.0018312249028916558,0.0006485675609698867,0.006852235098884351,0.001092455350063385,-0.37333063693824536,0.0037294847016817014,0.007098453889397871,0.00032422512674761407,0.0019188223014287996,0.00036406771397143794,0.0007054737308682885,0.002775758202369503,0.003076080638310847,0.00534441979622306,0.0003099560265734056,0.003468677324613095,0.00225554059743949,0.0007563327268843152,0.00099574233191542,0.0006183493309789689,0.00927223831024529,0.02418846161210324,0.023628240809448538,0.01794241236854154,0.0011558323439126664,0.002194642527640564,0.0008522547347412551,0.01490063515736627,0.013258320859341829,0.0029416553157308304
26,0.0016483971648271099,0.0002821828609339061,0.0005197780750427144,0.0004870044381046074,0.0017830048084258123,0.0012594170263629922,0.003127944040103555,0.03805950431132034,0.012453013563653073,0.01919258769042606,0.0445155084902415,0.013797469975603986,0.028867977355488194,0.01391284163597163,0.0025770912549332795,0.0006110963552250974,0.0012314255535588628,0.0004318436069198515,0.0036434218905936275,0.0023632416861605844,0.0017129968277691515,0.000605370848774721,0.0064690716328434615,0.0011472415172651858,0.01500150534566673,-0.3831017580401091,0.007507251812704487,0.0004197618457636114,0.0020693764153999154,0.00035902612377721566,0.0006888635576184455,0.002666633778722121,0.0028558433331756766,0.005148479247037838,0.00038631457127219585,0.004031964249529753,0.0022574650307939192,0.0007613585968465394,0.0009392024323691777,0.0005813910876862862,0.008725907504962806,0.027138375679303488,0.026838903956893544,0.019501998583471434,0.0013414432804466,0.002161224979186566,0.0008411622550132763,0.014279462782041995,0.012995318617122087,0.0030813028622256656
27,0.0017310604979909642,0.00030811030267988187,0.0004838960604015775,0.0004454038537239741,0.001477327926730937,0.0011798920576466653,0.0029325012779147807,0.05394819893649249,0.015178978406284478,0.02173834822824032,0.04789148906452827,0.014776436567347263,0.033921358883128555,0.014662027129545969,0.003732719377970113,0.0006021331164153765,0.0011224806609655131,0.00037978666199134316,0.0031770261894288132,0.0018819150006997357,0.0013641069574932899,0.0004797583130009622,0.00525751491021271,0.0011902301599306612,0.01257879824705655,0.0033072753830868684,-0.40548607395989494,0.0007121508637781892,0.0022852903926553524,0.00032195765655858614,0.0006039709590887641,0.00225342472303325,0.002236747904272535,0.004377793309188099,0.0005997595338777152,0.005313373911368625,0.00209434965502143,0.0007158121467881057,0.0007617537913454633,0.0004682388884714824,0.007041699612594543,0.032897250485681054,0.033495256499104474,0.021936611692585834,0.0017613016197756204,0.0019318933192005315,0.0007557722660875907,0.011999804885944617,0.011492600427923194,0.0031777176198456566
28,0.0014105206405795455,0.00028166503720968017,0.0002758482207483863,0.00024090127046139828,0.0005983681666949842,0.0006852933337567896,0.0017067939120865429,0.10488307669470537,0.019139805349498867,0.0221319666146029,0.041911646407420976,0.012758876563709737,0.03845247905225112,0.012072003160703131,0.007716749155670042,0.0004062039165061798,0.0006011400098087497,0.00018301061301865095,0.0014931105158752169,0.0006804465382477766,0.0004932219875397618,0.00017111957846232056,0.0020145152281235918,0.0009355985843037812,0.0052736531521257145,0.0016973908001009137,0.006536744552673929,-0.1316915438652081,0.002160063770746699,0.00016429987956556455,0.00028843332259304087,0.0009662998492878088,0.0007717497747080621,0.0019114755495553905,0.0015100285835550622,0.00838900056173117,0.0011816965930366676,0.0004201364062453951,0.0002901872215041717,0.00017482622619875655,0.0026441786194993234,0.04082425488085127,0.04522019832996453,0.02188563485164852,0.002751748518781289,0.0009766187196965455,0.00038788451000749377,0.00506319188162191,0.005629417222576372,0.0024540763140816005
29,0.0017297593230147434,0.0003113465188141588,0.0004671206472642621,0.0004277903242729566,0.001379803559856696,0.0011410412042737136,0.002836513288964604,0.05874288820207165,0.0158308492093933,0.022199272369724715,0.04818905430261003,0.014848809235001287,0.03500823988118853,0.014665824102582657,0.004089482458923344,0.0005907761014214499,0.0010770668245555517,0.00036072983612147214,0.0030103318461527752,0.0017383206908313997,0.0012600225556605755,0.0004425598085482989,0.004883984319858188,0.0011851927892991647,0.011787832410484205,0.003160477329793145,0.007922553914805775,0.00081583225941992,-0.21538905350148393,0.0003074982835436271,0.0005731672252488918,0.0021163500965434593,0.0020565952574185206,0.004118693038922437,0.0006701222431946206,0.0056666766791236165,0.002019743888610833,0.0006929426132705485,0.0007072319218760359,0.0004338728935012546,0.006528514104100728,0.03425589769478391,0.03517078837832784,0.02235728198308251,0.0018764502563864006,0.001843453356154443,0.0007222262547809989,0.011252224051843224,0.010933179602531373,0.0031588417153886016
30,0.001646437083017166,0.00028171600267376377,0.0005199121888690724,0.00048723478693971165,0.0017860006170458613,0.0012596460112318274,0.00312848609063689,0.03787824329531334,0.012416087167175374,0.019152448274797205,0.044449723368864776,0.013777829849062579,0.028794965191643894,0.013895713106666128,0.0025641535531365413,0.0006108361396101819,0.0012320578583695698,0.0004322534463932925,0.0036472586932293455,0.0023683752394326615,0.0017167178862295483,0.0006067222104599143,0.006481486112257186,0.0011460439626151237,0.015024505534109202,0.003683477830820667,0.007497930195728876,0.00041686014198983375,0.0020656727560716026,-0.20788454716522373,0.0006895430622307797,0.0026704673344387494,0.0028626390508930217,0.00515548810157427,0.00038405484672706145,0.004016264012204439,0.002258142164095377,0.0007614644823703309,0.0009410284947188698,0.0005825722651605892,0.008743418806523401,0.02705968256139655,0.02675178086242914,0.019462818693829393,0.0013362783357657435,0.0021628476099794973,0.0008417413323121561,0.014300968296938076,0.0130067697665014,0.003078306741382706
31,0.001621624582750057,0.00027596711088115485,0.0005208035819780371,0.0004892976560755485,0.0018190683963214547,0.0012606828383132952,0.0031307493577166926,0.03578187298064912,0.01197797103088805,0.018666146929018117,0.04363253801781123,0.013533114182360478,0.02792074378292726,0.013679582505629848,0.0024149456521926262,0.0006070157452658615,0.0012378596708194228,0.0004365059537414345,0.0036876241711741517,0.002426173128017676,0.0017586127124666134,0.000621966344207527,0.006619985862348734,0.0011306879266897213,0.015276366950013375,0.0037083988194098493,0.00738040009684508,0.0003839898754765967,0.0020203256993178522,0.00036181170029146915,-0.21536401565813004,0.00271219692080399,0.002939637938509127,0.005231378549819804,0.0003582109433136696,0.003832725710453914,0.0022631222190373852,0.0007617108060866852,0.0009614209184013566,0.0005958065313438769,0.008939441645248942,0.02612484815944693,0.025723265092606216,0.018986890181947748,0.0012758629983507523,0.0021790687074855005,0.0008474362291192098,0.014536080658140877,0.013124310185717547,0.003039596119744871
32,0.00157311058242696,0.0002653545892533582,0.000519359313467977,0.0004899544898160157,0.0018643769429916685,0.0012553544746818903,0.0031170085163540486,0.032436674375270376,0.011234550851381076,0.017800109876288068,0.04209559707475056,0.013069900421160468,0.026405202277043058,0.013259728688524763,0.00217849400690478,0.0005974751322629686,0.0012404839618404594,0.0004411069025139125,0.003733964251722097,0.0025104896823470923,0.0018197296058171906,0.0006443350225465907,0.006816388589420681,0.001099894531364907,0.015612360292820978,0.003728758860003121,0.007152446239404886,0.00033414421829608247,0.0019376496321366196,0.00036396211667428835,0.0007044804035243183,-0.24341780071295382,0.0030541270478874794,0.0053287073951041545,0.0003180871355761812,0.0035321212947303413,0.0022586589294510025,0.0007578713428626351,0.0009904296773091809,0.0006148272032350372,0.009220373974547743,0.024533860314368914,0.023998630464005775,0.0181342917450947,0.0011767692412595022,0.0021936586655099642,0.0008520888667844928,0.014847992190397969,0.013245339565254647,0.002960839568446825
33,0.0014392600156950895,0.00023843865747727,0.0005029260766536946,0.00047852718522227667,0.001911990375875706,0.0012119636117816314,0.003008253413144179,0.025873463280539365,0.00959866633520429,0.015727222053459836,0.03808504865531987,0.011849612696364645,0.02294078900962816,0.012111713563961542,0.0017206789120037369,0.0005631663411235213,0.0012135100373220156,0.00043911808675235503,0.003732763743843365,0.0026275498274811833,0.0019045807060864455,0.0006760706527170262,0.007059620920252784,0.001012005142288828,0.01591489405324368,0.003673283125191815,0.006530518872748492,0.00024548086949452923,0.0017320310378105912,0.0003588844207513122,0.0007023614138372459,0.002809352282821664,-0.29112043608961435,0.0053940068201885315,0.0002434025146393669,0.002912476794408757,0.0021908377381344873,0.0007304374328192,0.0010268424485002047,0.0006397434339723719,0.00958416064212455,0.0210141617226819,0.020284789096495105,0.01607341598292873,0.0009719470057465208,0.0021664312202235463,0.0008394116576153907,0.015118923322362155,0.013149635663437078,0.0027318394204619793
34,0.0015820003015502833,0.000267250948854524,0.0005198724307299297,0.0004900977331835238,0.0018575954140066639,0.0012569039977766833,0.003120941820329218,0.032993103958850425,0.011362158830378919,0.01795230406589302,0.04237254173766459,0.013153604279106296,0.02666811075231227,0.013336452217484817,0.002217682509860496,0.0005993840511994757,0.001240683985535043,0.0004405545955750311,0.00372802566063185,0.002497299867091379,0.0018101689621368544,0.0006408222247240902,0.006786254489433858,0.0011055965211318518,0.015563082435247016,0.003727245587461187,0.007194074337006677,0.00034221489376747363,0.0019523392443031664,0.00036378670358025504,0.0007035127394478283,0.0027588621051964895,0.003035991207084301,-0.3608023611456235,0.00032466559406562685,0.0035828025826921657,0.0022605841505356342,0.0007589114926987618,0.0009859691005818232,0.0006118816151272576,0.009176952657805278,0.024807356773871404,0.024292904729021885,0.0182845440854192,0.0011934887047242804,0.0021923245243377076,0.0008517430566278686,0.014802444704639761,0.013231676598249961,0.002975508121845722
35,0.0015052853900185423,0.0002942688240990625,0.0003146545368818431,0.0002775156394875,0.000727820536112908,0.0007789662464624947,0.0019393353034072068,0.09544403759214794,0.018851674934821615,0.02266891989534477,0.044140909063730534,0.01347088734749816,0.03861769477453925,0.012858265749907128,0.006943244006641207,0.0004489799081264741,0.0006937919273920907,0.00021545110814287358,0.0017660690824219598,0.0008454560863478893,0.0006128292346962454,0.00021315867139306663,0.0024759909332969406,0.00100512717646141,0.006373134652969888,0.001974731654843745,0.006959127348686157,0.001908856510684117,0.0022428893447871065,0.00019134989955016404,0.00034013601867520315,0.0011628191664409288,0.0009673241592542858,0.0022924201810965348,-0.12946705018450216,0.00793062984115929,0.0013505371723681013,0.0004766267238176339,0.00035705112010907275,0.00021592030916741523,0.0032622273156854694,0.040327098363238445,0.043987985419645284,0.022500201403003937,0.002606391050741181,0.0011394256300060316,0.0004512619134555311,0.006111444730666254,0.006606923205257895,0.002645118791265444
36,0.0016501861371887266,0.00031008113291157896,0.0003901615281969974,0.00035041189264694574,0.0010153626448110068,0.0009596830143906341,0.002387527918695105,0.07772624215523709,0.01779156467677253,0.023019957227922095,0.04721573533144303,0.014475978320805018,0.037798043354741705,0.014045635467240922,0.005537548733653741,0.0005252937261558188,0.0008790239939446112,0.00028310362706294133,0.0023407350020489587,0.0012263974790667404,0.0008889547791611937,0.00031065133315715427,0.0035207529961709806,0.0011156013287246193,0.008786027134037247,0.002538980120603192,0.007594927491651273,0.0013063933716183345,0.002336457456302441,0.0002465090519605835,0.00044832932207223896,0.0015906598335759892,0.0014258868931241444,0.003116423450364744,0.0009769746818538384,-0.20187117551558967,0.001680570866862236,0.0005850793138140764,0.0005087275044512114,0.00030977467299923004,0.004671073608303134,0.0382676660639108,0.040557403754472546,0.023008098473953263,0.0022863987885841206,0.0014726660697595647,0.0005802028972587726,0.008406721762322685,0.008632638696594239,0.002953794228834305
37,0.0016772690319160374,0.0002893592758320215,0.0005163188111411083,0.00048204326610759254,0.0017299936759959636,0.0012526166762505152,0.003111494170814807,0.041106377136381676,0.0130519987119781,0.019824555852131033,0.045513481132787775,0.014094026741181561,0.030037081845621743,0.01416643883813091,0.00279542233246674,0.0006139572033639043,0.0012180639675755955,0.00042409056408352556,0.0035718639874847673,0.0022744932005497906,0.0016486674469822055,0.0005820626463199955,0.006252105492095742,0.001164517548760366,0.014590795080957914,0.0036304739950487647,0.007645433468379778,0.00046996920229016795,0.0021267939540004846,0.00035396601662305785,0.0006760784347815025,0.0025977181655081087,0.0027392551528407656,0.0050217366559872295,0.00042489521713537143,0.00429196825883882,-0.22936454459050143,0.0007577844508994179,0.0009073260416325966,0.0005608523068594601,0.008421084141964137,0.02841260534078535,0.028262099946050934,0.02011650271139029,0.0014269058637385768,0.0021293936740506662,0.00082962899679951,0.013894737784301303,0.012776337176950574,0.0031239847607766767
38,0.0016872972449796099,0.0002920302338428184,0.0005142412967252015,0.0004793949614478277,0.001706357368699715,0.001248230646148269,0.003100781176796498,0.04239276595716454,0.013293039189174363,0.020068347638163085,0.04587733598877602,0.014201347178806362,0.03049913200025408,0.014255291400323089,0.002888081309350168,0.0006143754543463416,0.0012110353912212447,0.00042038673700170036,0.00353815115764553,0.002235951225710161,0.001620730278717581,0.0005719674565913887,0.006156700051413702,0.0011703021644054105,0.014405836850534532,0.0036051956957692016,0.007693948533610944,0.000491984047573144,0.0021484421948771847,0.000351444886568311,0.0006700025889653708,0.002566457940094806,0.0026890729546048386,0.004963884581425563,0.00044152060737880403,0.004399584907107217,0.00223122300458305,-0.23655248054218084,0.0008933278547965429,0.0005518729452549948,0.008287653090464194,0.02892412281891482,0.028840364557243533,0.020352233021522455,0.0014622394488450145,0.002113663446694307,0.0008238524480346092,0.01372113741212935,0.012670637238126092,0.0031379489248620873
39,0.0015067154142743486,0.0002516821726851878,0.0005129429682069435,0.00048613676708245487,0.0018989771544335892,0.0012378259268829971,0.003072925529106076,0.028834432498669536,0.010367723611897958,0.016729152908042604,0.040074911051161344,0.012456725403252268,0.02459053052307883,0.012688851919791999,0.0019261973615756823,0.0005815596426245932,0.0012318889765146048,0.00044218540688752367,0.0037515428769124763,0.002585045542480939,0.0018737714554717501,0.0006643573280599688,0.006979534486194466,0.0010566992176518342,0.015850888802068815,0.003716891178771954,0.006842989713788403,0.0002840011108051128,0.001832606861051336,0.0003629872759638744,0.0007067746771043487,0.002803130781524735,0.003159398637907452,0.005389827917077305,0.0002764292776926792,0.0031971515884975286,0.0022327583123897352,0.0007466067731898555,-0.2667259105632711,0.0006311132095965674,0.009459406959051325,0.02267186087285039,0.02201770413794536,0.017072631236223088,0.0010661383304489652,0.002189619576860005,0.0008493768868921768,0.015065882441267699,0.013258238233730244,0.0028488517809927374
40,0.0014939570631966003,0.00024913514452909436,0.0005112803931570793,0.0004849454238984796,0.0019029251697729543,0.0012334681615457832,0.0030620113924661185,0.02823013265666062,0.010215078687792159,0.016534059386367008,0.039694434812990724,0.012340862147634994,0.024265965756975403,0.012579506610022115,0.0018841149379917493,0.0005782273401075138,0.0012290540761000625,0.00044188306608708254,0.003750438197735833,0.0025953259591239906,0.0018812232202238784,0.000667154799028621,0.007000445820757174,0.0010482989087952721,0.015874955250336085,0.0037107438255707184,0.0067837636544557465,0.0002759435856712175,0.0018131842470133408,0.00036241853324301803,0.0007063901573073187,0.0028063688811329635,0.0031745225470590573,0.005394497113198847,0.0002695995098865753,0.003139755882608981,0.0022258649728696084,0.000743861564861999,0.0010178393484686485,-0.28348891775774043,0.009490954386077319,0.022343247951250166,0.02167198312720158,0.016878484259598415,0.0010471602371322985,0.002186505103096612,0.0008479721054569513,0.015087201586483514,0.013245814201859402,0.002826932587146339
41,0.0014976214583301663,0.00024986445441742706,0.000511770075924467,0.00048530058058911013,0.001901868583102381,0.0012347477813125706,0.0030652152373565494,0.028401310611954465,0.010258536945360046,0.01658979619578166,0.03980349536668002,0.012374085048088204,0.024358518038265095,0.012610902393044332,0.001896028330950151,0.0005791921440913827,0.0012299018809385285,0.00044198441407357407,0.003750883230761704,0.0025924895553281384,0.001879167251622352,0.0006663815126538907,0.0069947392360633675,0.0010507144078427829,0.015868665727822178,0.0037126193238954538,0.0068007676242456405,0.00027821575624559426,0.001818741505920234,0.0003625927256220013,0.0007065241081467372,0.002805546231562339,0.0031703256575441483,0.005393358190494636,0.0002715295107486051,0.0031560501744133,0.002227899129418225,0.0007446664565628872,0.0010169815826980943,0.0006326843594341427,-0.35448877222261116,0.022436825853296295,0.021770319128473353,0.016933972334040953,0.001052548652194531,0.0021874661089228598,0.000848400690758973,0.015081666152279896,0.01324980671556191,0.0028332393247926775
42,0.0017006326378371703,0.0003131377126918822,0.00042816193415672776,0.0003881025113201063,0.0011829819266550468,0.0010497056398362371,0.002610530353912242,0.06868467607440727,0.01697314248402124,0.02280857883941105,0.04804996901003601,0.014766718496587682,0.0367457044558722,0.014448479780996644,0.00484073390415944,0.000559657091953821,0.0009752592367141349,0.0003199623934362431,0.002657101237423337,0.0014575162545302932,0.001056481330307201,0.0003700759320036801,0.00414199034523886,0.0011570133206461539,0.010174860929727456,0.0028380371297709018,0.007809162311565449,0.0010557804273171416,0.002345613170158057,0.00027581946406222263,0.000507498512777248,0.0018348441808420442,0.0017085443965938296,0.0035834856746586956,0.0008250194721387822,0.00635511729318973,0.0018475788543544365,0.0006387851800339862,0.0005991019774954166,0.00036609004930560806,0.0055147499354066985,-0.440286835544177,0.038226611030791655,0.022878702390885384,0.0020999917984770417,0.001650494119445804,0.0006485428349198152,0.009724708735531289,0.009728642998022178,0.0030730103122443187
43,0.0016853409153630879,0.00031252819566275657,0.00041512152308667755,0.00037507566070598796,0.0011232819762179746,0.0010188980875891697,0.0025342386160286464,0.07182774064952434,0.017280262233052453,0.0229159711007045,0.047827657945960146,0.014686242684475158,0.03716476527879727,0.014327728592232173,0.005081476523550478,0.0005482317071177823,0.0009419560669618002,0.0003070512151919839,0.0025459931776512174,0.001374407503704371,0.0009962399138840024,0.0003486836195629521,0.003919668632611441,0.0011440786750401843,0.009681727452193312,0.0027340108235222086,0.007745142032166167,0.0011391712949718857,0.002345872328653328,0.00026561716768906186,0.0004867526480075242,0.001748320256872102,0.0016065192187306309,0.003418266017522333,0.0008766021415057139,0.006560893252800863,0.0017901836344762936,0.0006204354598402751,0.0005667438908066852,0.0003458927855389448,0.005212312348967844,0.037236343501053586,-0.6295132984420018,0.022957662331349132,0.0021665771084547316,0.0015885292579016735,0.0006247709417148059,0.009257002448438755,0.00934539796917945,0.0030353531760704986
44,0.001726656497643407,0.00031218569824387324,0.0004598756918103442,0.00042030187671931286,0.0013405866301371408,0.0011241544133867689,0.002794760130182739,0.06068589049425635,0.016075542173359186,0.022353190365014444,0.048236662582787936,0.014855691509726097,0.03540022427506672,0.014645447348840471,0.004235087314697217,0.0005854101365957676,0.0010578097805481522,0.0003528397465684218,0.002941645499249787,0.001681472543129033,0.0012188161495409733,0.00042785908697901394,0.004734954935707325,0.001181413872440872,0.011468118985437413,0.003098877908190229,0.007912350516980594,0.000860014178596329,0.0023261149122463516,0.00030143874447445697,0.0005604359164257875,0.002060748638347526,0.001985699402975456,0.004013289034918031,0.0006994307992968715,0.005805818367781331,0.0019876299255636503,0.0006829640185781924,0.0006854963830014668,0.00042020980805517903,0.006324327852172798,0.034763421285868526,0.03581109130645897,-0.7821356535930728,0.0019217219700703415,0.0018064688412844743,0.0007081496723794851,0.010949749454586688,0.010700800860524148,0.003146604834951248
45,0.001652800237621355,0.00031029622695245184,0.0003918585118962941,0.000352078537294401,0.001022462863597086,0.0009637183119450347,0.0023975283955404974,0.07732836610767196,0.01775967157590104,0.023016744951308055,0.04726443379524031,0.014492414043687975,0.03776137122627996,0.01406675431018579,0.005506606864569332,0.0005268938240789994,0.0008832720019779833,0.00028470302285042655,0.0023544119274503243,0.0012360494717001886,0.0008959510304796995,0.00031312893111538155,0.0035468832594113607,0.0011176789789498103,0.008845122934708545,0.0025520861661008113,0.007606193659565417,0.0012946514954283758,0.0023374745482130027,0.0002477923739604965,0.00045089335777750934,0.0016010813730257358,0.001437624881318493,0.0031364060968963603,0.0009700532975848127,0.0069076825764629425,0.001688013995291336,0.0005874919597441553,0.0005125260441794081,0.0003121357827827797,0.004706470954439873,0.03820378521847156,0.04046333884758635,0.023008495888742955,-0.1843736541019531,0.0014804402030733892,0.000583197865792641,0.008462850590822631,0.008680315939727635,0.002959699947156161
46,0.0016431321480893247,0.00028093351955740776,0.0005201148957013921,0.00048759840878782895,0.0017909111466094568,0.0012599780100728303,0.0031292664402115854,0.037578439007821735,0.012354682874405712,0.019085405383385275,0.044339255994493953,0.01374482810995137,0.028673320017970568,0.013866852671325015,0.002542767397563466,0.0006103820735484872,0.0012330600446662963,0.0004329173360489635,0.0036534899761605216,0.0023768227825752258,0.0017228410917782644,0.000608946803410643,0.0065018778095835075,0.0011440190231873655,0.01506214729413849,0.00368754277664559,0.007482226558958092,0.00041208162547631545,0.00205947278629177,0.0003596921828038199,0.0006906448674621338,0.0026767340183527317,0.0028738359255707285,0.005166933687757184,0.0003803260511312481,0.003990237460669227,0.002259179556526071,0.0007616112270369235,0.000944028527306282,0.0005845140844764316,0.008772201640753225,0.026928790463208705,0.026607057819975466,0.019397341786428077,0.001327715238741064,-0.23761468058450516,0.0008426702459833116,0.014336152791171229,0.013025282081717772,0.003073232116934796
47,0.0016483971648271097,0.00028218286093390616,0.0005197780750427145,0.0004870044381046072,0.0017830048084258112,0.001259417026362992,0.003127944040103553,0.038059504311320325,0.012453013563653071,0.01919258769042605,0.04451550849024149,0.013797469975603974,0.028867977355488184,0.01391284163597163,0.0025770912549332786,0.000611096355225097,0.0012314255535588626,0.00043184360691985146,0.0036434218905936275,0.0023632416861605857,0.001712996827769151,0.0006053708487747209,0.00646907163284346,0.0011472415172651856,0.015001505345666733,0.0036809437763423193,0.007507251812704489,0.00041976184576361143,0.002069376415399916,0.00035902612377721556,0.0006888635576184451,0.0026666337787221196,0.002855843333175676,0.005148479247037837,0.0003863145712721958,0.004031964249529751,0.0022574650307939197,0.0007613585968465388,0.0009392024323691776,0.0005813910876862863,0.00872590750496281,0.027138375679303484,0.02683890395689353,0.019501998583471427,0.0013414432804465999,0.002161224979186565,-0.25366244979241004,0.014279462782041993,0.012995318617122085,0.0030813028622256643
48,0.0015648886996255196,0.00026361669317311975,0.000518801416634985,0.000489733495263756,0.0018701350998033444,0.0012537292308594358,0.0031128962542428585,0.031940399626676046,0.011119360248789654,0.017661496696009416,0.04184101206216676,0.01299287493661024,0.026166921150091133,0.013188838965048551,0.002143590571504489,0.0005956559502599152,0.0012400702793141354,0.00044151982300612926,0.0037385967833652553,0.0025219231665165533,0.0018280171720984257,0.0006473854181850066,0.00684227830587013,0.0010946011391472818,0.015653786180205492,0.0037294129454967426,0.007113992695088743,0.0003270198450185856,0.0019242158692090025,0.0003640508412181161,0.0007052168904049795,0.002773290815666848,0.0030699368717460864,0.005340144511814802,0.00031225219159471113,0.0034866845001699075,0.00225650687931569,0.0007567965278006942,0.0009942658933293465,0.0006173688244120409,0.009257806782965467,0.024286838504351156,0.023733595181561748,0.017997303554684686,0.0011617756232478065,0.002194442155702624,0.0008522383371546523,-0.3471682555258669,0.013255110578132145,0.0029471940386850775
49,0.0016315490034539185,0.0002782336668820862,0.0005206121882381417,0.0004886473328553563,0.0018068384513809565,0.0012606494059166453,0.0031307857724160323,0.03658017991397352,0.012147236194366242,0.018856206327231895,0.04395621145929508,0.013630196943422407,0.028260217591368028,0.013765887133028478,0.0024716724897905534,0.0006086514899438238,0.0012359903367768251,0.00043499686310901524,0.0036731611364620555,0.0024045307496678484,0.0017429252245233597,0.000616251429061298,0.006568417750261265,0.001136870095077775,0.015183690241628122,0.0036998978266438525,0.007427313096129906,0.0003963577492237314,0.0020381497843699665,0.00036094434490598716,0.0006941064201180929,0.0026969008090626137,0.0029106936241947066,0.00520365666093429,0.00036798918871838097,0.003903046595596679,0.0022618659623135965,0.000761836311055819,0.0009538234161801949,0.0005908658019739269,0.008866302132671188,0.026486272515908904,0.026119517266772856,0.019173161737139715,0.0012990184300292326,0.002173465985888714,0.000845493598457244,0.014449657366107326,-0.3992461554666781,0.0030552394866427057
50,0.0017280742879872998,0.00030589431522632293,0.0004913105686537681,0.0004533543941900916,0.0015245085808612612,0.0011969128544402979,0.0029745104509058236,0.05162978185749116,0.014837934022324216,0.02147079934600179,0.04764633797298432,0.01471022999650063,0.03333076152419165,0.014629482063675103,0.0035615180249176544,0.0006065083942022234,0.0011430509714793933,0.0003886856505986116,0.0032553314927491793,0.0019526635394044509,0.0014153890684513839,0.0004981233156526913,0.005439900840195955,0.0011902111640731206,0.012959115326674866,0.003374674948188731,0.007899934443964028,0.0006646710156455279,0.002265229665329157,0.0003286074788917502,0.0006183868100878375,0.0023190574843003756,0.002326123148299666,0.004501421256623448,0.0005667293994215544,0.005137302865705093,0.0021274735441060974,0.0007257780719866182,0.0007884002931924228,0.00048508786330856313,0.007293080471775392,0.0321830614872194,0.03263407724541008,0.02168774610834121,0.0017038141703617873,0.0019726763356534118,0.000771174286225027,0.012358839296221754,0.011752764105123697,-0.2578887853190527
